Name,Gender
Emma,Female
Olivia,Female
Sophia,Female
Ava,Female
Isabella,Female
Mia,Female
Abigail,Female
Emily,Female
Charlotte,Female
Harper,Female
Madison,Female
Amelia,Female
Elizabeth,Female
Sofia,Female
Evelyn,Female
Avery,Female
Chloe,Female
Ella,Female
Grace,Female
Victoria,Female
Aubrey,Female
Scarlett,Female
Zoey,Female
Addison,Female
Lily,Female
Lillian,Female
Natalie,Female
Hannah,Female
Aria,Female
Layla,Female
Brooklyn,Female
Alexa,Female
Zoe,Female
Penelope,Female
Riley,Female
Leah,Female
Audrey,Female
Savannah,Female
Allison,Female
Samantha,Female
Nora,Female
Skylar,Female
Camila,Female
Anna,Female
Paisley,Female
Ariana,Female
Ellie,Female
Aaliyah,Female
Claire,Female
Violet,Female
Stella,Female
Sadie,Female
Mila,Female
Gabriella,Female
Lucy,Female
Arianna,Female
Kennedy,Female
Sarah,Female
Madelyn,Female
Eleanor,Female
Kaylee,Female
Caroline,Female
Hazel,Female
Hailey,Female
Genesis,Female
Kylie,Female
Autumn,Female
Piper,Female
Maya,Female
Nevaeh,Female
Serenity,Female
Peyton,Female
Mackenzie,Female
Bella,Female
Eva,Female
Taylor,Female
Naomi,Female
Aubree,Female
Aurora,Female
Melanie,Female
Lydia,Female
Brianna,Female
Ruby,Female
Katherine,Female
Ashley,Female
Alexis,Female
Alice,Female
Cora,Female
Julia,Female
Madeline,Female
Faith,Female
Annabelle,Female
Alyssa,Female
Isabelle,Female
Vivian,Female
Gianna,Female
Quinn,Female
Clara,Female
Reagan,Female
Khloe,Female
Alexandra,Female
Hadley,Female
Eliana,Female
Sophie,Female
London,Female
Elena,Female
Kimberly,Female
Bailey,Female
Maria,Female
Luna,Female
Willow,Female
Jasmine,Female
Kinsley,Female
Valentina,Female
Kayla,Female
Delilah,Female
Andrea,Female
Natalia,Female
Lauren,Female
Morgan,Female
Rylee,Female
Sydney,Female
Adalynn,Female
Mary,Female
Ximena,Female
Jade,Female
Liliana,Female
Brielle,Female
Ivy,Female
Trinity,Female
Josephine,Female
Adalyn,Female
Jocelyn,Female
Emery,Female
Adeline,Female
Jordyn,Female
Ariel,Female
Everly,Female
Lilly,Female
Paige,Female
Isla,Female
Lyla,Female
Makayla,Female
Molly,Female
Emilia,Female
Mya,Female
Kendall,Female
Melody,Female
Isabel,Female
Brooke,Female
Mckenzie,Female
Nicole,Female
Payton,Female
Margaret,Female
Mariah,Female
Eden,Female
Athena,Female
Amy,Female
Norah,Female
Londyn,Female
Valeria,Female
Sara,Female
Aliyah,Female
Angelina,Female
Gracie,Female
Rose,Female
Rachel,Female
Juliana,Female
Laila,Female
Brooklynn,Female
Valerie,Female
Alina,Female
Reese,Female
Elise,Female
Eliza,Female
Alaina,Female
Raelynn,Female
Leilani,Female
Catherine,Female
Emerson,Female
Cecilia,Female
Genevieve,Female
Daisy,Female
Harmony,Female
Vanessa,Female
Adriana,Female
Presley,Female
Rebecca,Female
Destiny,Female
Hayden,Female
Julianna,Female
Michelle,Female
Adelyn,Female
Arabella,Female
Summer,Female
Callie,Female
Kaitlyn,Female
Ryleigh,Female
Lila,Female
Daniela,Female
Arya,Female
Alana,Female
Esther,Female
Finley,Female
Gabrielle,Female
Jessica,Female
Charlie,Female
Stephanie,Female
Tessa,Female
Makenzie,Female
Ana,Female
Amaya,Female
Alexandria,Female
Alivia,Female
Nova,Female
Anastasia,Female
Iris,Female
Marley,Female
Fiona,Female
Angela,Female
Giselle,Female
Kate,Female
Alayna,Female
Lola,Female
Lucia,Female
Juliette,Female
Parker,Female
Teagan,Female
Sienna,Female
Georgia,Female
Hope,Female
Cali,Female
Vivienne,Female
Izabella,Female
Kinley,Female
Daleyza,Female
Kylee,Female
Jayla,Female
Katelyn,Female
Juliet,Female
Maggie,Female
Dakota,Female
Delaney,Female
Brynlee,Female
Keira,Female
Camille,Female
Leila,Female
Mckenna,Female
Aniyah,Female
Noelle,Female
Josie,Female
Jennifer,Female
Melissa,Female
Gabriela,Female
Allie,Female
Eloise,Female
Cassidy,Female
Jacqueline,Female
Brynn,Female
Sawyer,Female
Evangeline,Female
Jordan,Female
Paris,Female
Olive,Female
Ayla,Female
Rosalie,Female
Kali,Female
Maci,Female
Gemma,Female
Lilliana,Female
Raegan,Female
Lena,Female
Adelaide,Female
Journey,Female
Adelynn,Female
Alessandra,Female
Kenzie,Female
Miranda,Female
Haley,Female
June,Female
Harley,Female
Charlee,Female
Lucille,Female
Talia,Female
Skyler,Female
Makenna,Female
Phoebe,Female
Jane,Female
Lyric,Female
Angel,Female
Elaina,Female
Adrianna,Female
Ruth,Female
Miriam,Female
Diana,Female
Mariana,Female
Danielle,Female
Jenna,Female
Shelby,Female
Nina,Female
Madeleine,Female
Elliana,Female
Amina,Female
Amiyah,Female
Chelsea,Female
Joanna,Female
Jada,Female
Lexi,Female
Katie,Female
Maddison,Female
Fatima,Female
Vera,Female
Malia,Female
Lilah,Female
Madilyn,Female
Amanda,Female
Daniella,Female
Alexia,Female
Kathryn,Female
Paislee,Female
Selena,Female
Laura,Female
Annie,Female
Nyla,Female
Catalina,Female
Kayleigh,Female
Sloane,Female
Kamila,Female
Lia,Female
Haven,Female
Rowan,Female
Ashlyn,Female
Christina,Female
Amber,Female
Myla,Female
Addilyn,Female
Erin,Female
Alison,Female
Ainsley,Female
Raelyn,Female
Cadence,Female
Kendra,Female
Heidi,Female
Kelsey,Female
Nadia,Female
Alondra,Female
Cheyenne,Female
Kaydence,Female
Mikayla,Female
River,Female
Heaven,Female
Arielle,Female
Lana,Female
Blakely,Female
Sabrina,Female
Kyla,Female
Ada,Female
Gracelyn,Female
Allyson,Female
Felicity,Female
Kira,Female
Briella,Female
Kamryn,Female
Adaline,Female
Alicia,Female
Ember,Female
Aylin,Female
Veronica,Female
Esmeralda,Female
Sage,Female
Leslie,Female
Aspen,Female
Gia,Female
Camilla,Female
Ashlynn,Female
Scarlet,Female
Journee,Female
Daphne,Female
Bianca,Female
Mckinley,Female
Amira,Female
Carmen,Female
Kyleigh,Female
Megan,Female
Skye,Female
Elsie,Female
Kennedi,Female
Averie,Female
Carly,Female
Rylie,Female
Gracelynn,Female
Mallory,Female
Emersyn,Female
Logan,Female
Camryn,Female
Annabella,Female
Dylan,Female
Elle,Female
Kiara,Female
Yaretzi,Female
Ariella,Female
Zara,Female
April,Female
Gwendolyn,Female
Anaya,Female
Baylee,Female
Brinley,Female
Sierra,Female
Annalise,Female
Tatum,Female
Serena,Female
Dahlia,Female
Macy,Female
Miracle,Female
Madelynn,Female
Briana,Female
Freya,Female
Macie,Female
Helen,Female
Bethany,Female
Leia,Female
Harlow,Female
Blake,Female
Jayleen,Female
Angelica,Female
Marilyn,Female
Viviana,Female
Francesca,Female
Juniper,Female
Carolina,Female
Jazmin,Female
Emely,Female
Maliyah,Female
Cataleya,Female
Jillian,Female
Joy,Female
Abby,Female
Malaysia,Female
Nylah,Female
Sarai,Female
Evelynn,Female
Nia,Female
Zuri,Female
Addyson,Female
Aleah,Female
Kaia,Female
Bristol,Female
Lorelei,Female
Jazmine,Female
Maeve,Female
Alejandra,Female
Justice,Female
Julie,Female
Marlee,Female
Phoenix,Female
Jimena,Female
Emmalyn,Female
Nayeli,Female
Aleena,Female
Brittany,Female
Amara,Female
Karina,Female
Giuliana,Female
Thea,Female
Braelynn,Female
Kassidy,Female
Braelyn,Female
Luciana,Female
Aubrie,Female
Janelle,Female
Madisyn,Female
Brylee,Female
Leighton,Female
Ryan,Female
Amari,Female
Eve,Female
Millie,Female
Kelly,Female
Selah,Female
Lacey,Female
Willa,Female
Haylee,Female
Jaylah,Female
Sylvia,Female
Melany,Female
Elisa,Female
Elsa,Female
Hattie,Female
Raven,Female
Holly,Female
Aisha,Female
Itzel,Female
Kyra,Female
Tiffany,Female
Jayda,Female
Michaela,Female
Madilynn,Female
Jamie,Female
Celeste,Female
Lilian,Female
Remi,Female
Priscilla,Female
Jazlyn,Female
Karen,Female
Savanna,Female
Zariah,Female
Lauryn,Female
Alanna,Female
Kara,Female
Karla,Female
Cassandra,Female
Ariah,Female
Evie,Female
Frances,Female
Aileen,Female
Lennon,Female
Charley,Female
Rosemary,Female
Danna,Female
Regina,Female
Kaelyn,Female
Virginia,Female
Hanna,Female
Rebekah,Female
Alani,Female
Edith,Female
Liana,Female
Charleigh,Female
Gloria,Female
Cameron,Female
Colette,Female
Kailey,Female
Carter,Female
Helena,Female
Matilda,Female
Imani,Female
Bridget,Female
Cynthia,Female
Janiyah,Female
Marissa,Female
Johanna,Female
Sasha,Female
Kaliyah,Female
Cecelia,Female
Adelina,Female
Jessa,Female
Hayley,Female
Julissa,Female
Winter,Female
Crystal,Female
Kaylie,Female
Bailee,Female
Charli,Female
Henley,Female
Anya,Female
Maia,Female
Skyla,Female
Liberty,Female
Fernanda,Female
Monica,Female
Braylee,Female
Dallas,Female
Mariam,Female
Marie,Female
Beatrice,Female
Hallie,Female
Maryam,Female
Angelique,Female
Anne,Female
Madalyn,Female
Alayah,Female
Annika,Female
Greta,Female
Lilyana,Female
Kadence,Female
Coraline,Female
Lainey,Female
Mabel,Female
Lillie,Female
Anika,Female
Azalea,Female
Dayana,Female
Jaliyah,Female
Addisyn,Female
Emilee,Female
Mira,Female
Angie,Female
Lilith,Female
Mae,Female
Meredith,Female
Guadalupe,Female
Emelia,Female
Margot,Female
Melina,Female
Aniya,Female
Alena,Female
Myra,Female
Elianna,Female
Caitlyn,Female
Jaelynn,Female
Jaelyn,Female
Demi,Female
Mikaela,Female
Tiana,Female
Blair,Female
Shiloh,Female
Ariyah,Female
Saylor,Female
Caitlin,Female
Lindsey,Female
Oakley,Female
Alia,Female
Everleigh,Female
Ivanna,Female
Miah,Female
Emmy,Female
Jessie,Female
Anahi,Female
Kaylin,Female
Ansley,Female
Annabel,Female
Remington,Female
Kora,Female
Maisie,Female
Nathalie,Female
Emory,Female
Karsyn,Female
Pearl,Female
Irene,Female
Kimber,Female
Rosa,Female
Lylah,Female
Magnolia,Female
Samara,Female
Elliot,Female
Renata,Female
Galilea,Female
Kensley,Female
Kiera,Female
Whitney,Female
Amelie,Female
Siena,Female
Bria,Female
Laney,Female
Perla,Female
Tatiana,Female
Zelda,Female
Jaycee,Female
Kori,Female
Montserrat,Female
Lorelai,Female
Adele,Female
Elyse,Female
Katelynn,Female
Kynlee,Female
Marina,Female
Jayden,Female
Kailyn,Female
Avah,Female
Kenley,Female
Aviana,Female
Armani,Female
Dulce,Female
Alaia,Female
Teresa,Female
Natasha,Female
Milani,Female
Amirah,Female
Breanna,Female
Linda,Female
Tenley,Female
Sutton,Female
Elaine,Female
Elliott,Female
Aliza,Female
Kenna,Female
Meadow,Female
Alyson,Female
Rory,Female
Milana,Female
Erica,Female
Esme,Female
Leona,Female
Joselyn,Female
Madalynn,Female
Alma,Female
Chanel,Female
Myah,Female
Karter,Female
Zahra,Female
Audrina,Female
Ariya,Female
Jemma,Female
Eileen,Female
Kallie,Female
Milan,Female
Emmalynn,Female
Lailah,Female
Sloan,Female
Clarissa,Female
Karlee,Female
Laylah,Female
Amiya,Female
Collins,Female
Ellen,Female
Hadassah,Female
Danica,Female
Jaylene,Female
Averi,Female
Reyna,Female
Saige,Female
Wren,Female
Lexie,Female
Dorothy,Female
Lilianna,Female
Monroe,Female
Aryanna,Female
Elisabeth,Female
Ivory,Female
Liv,Female
Janessa,Female
Jaylynn,Female
Livia,Female
Rayna,Female
Alaya,Female
Malaya,Female
Cara,Female
Erika,Female
Amani,Female
Clare,Female
Addilynn,Female
Roselyn,Female
Corinne,Female
Paola,Female
Jolene,Female
Anabelle,Female
Aliana,Female
Lea,Female
Mara,Female
Lennox,Female
Claudia,Female
Kristina,Female
Jaylee,Female
Kaylynn,Female
Zariyah,Female
Gwen,Female
Kinslee,Female
Avianna,Female
Lisa,Female
Raquel,Female
Jolie,Female
Carolyn,Female
Courtney,Female
Penny,Female
Royal,Female
Alannah,Female
Ciara,Female
Chaya,Female
Kassandra,Female
Milena,Female
Mina,Female
Noa,Female
Leanna,Female
Zoie,Female
Ariadne,Female
Monserrat,Female
Nola,Female
Carlee,Female
Isabela,Female
Jazlynn,Female
Kairi,Female
Laurel,Female
Sky,Female
Rosie,Female
Arely,Female
Aubrielle,Female
Kenia,Female
Noemi,Female
Scarlette,Female
Farrah,Female
Leyla,Female
Amia,Female
Bryanna,Female
Naya,Female
Wynter,Female
Hunter,Female
Katalina,Female
Taliyah,Female
Amaris,Female
Emerie,Female
Martha,Female
Thalia,Female
Christine,Female
Estrella,Female
Brenna,Female
Milania,Female
Salma,Female
Lillianna,Female
Marjorie,Female
Shayla,Female
Zendaya,Female
Aurelia,Female
Brenda,Female
Julieta,Female
Adilynn,Female
Deborah,Female
Keyla,Female
Patricia,Female
Emmeline,Female
Hadlee,Female
Giovanna,Female
Kailee,Female
Desiree,Female
Casey,Female
Karlie,Female
Khaleesi,Female
Lara,Female
Tori,Female
Clementine,Female
Nancy,Female
Simone,Female
Ayleen,Female
Estelle,Female
Celine,Female
Madyson,Female
Zaniyah,Female
Adley,Female
Amalia,Female
Paityn,Female
Kathleen,Female
Sandra,Female
Lizbeth,Female
Maleah,Female
Micah,Female
Aryana,Female
Hailee,Female
Aiyana,Female
Joyce,Female
Ryann,Female
Caylee,Female
Kalani,Female
Marisol,Female
Nathaly,Female
Briar,Female
Holland,Female
Lindsay,Female
Remy,Female
Adrienne,Female
Azariah,Female
Harlee,Female
Dana,Female
Frida,Female
Marianna,Female
Yamileth,Female
Chana,Female
Kaya,Female
Lina,Female
Celia,Female
Analia,Female
Hana,Female
Jayde,Female
Joslyn,Female
Romina,Female
Anabella,Female
Barbara,Female
Bryleigh,Female
Emilie,Female
Nathalia,Female
Ally,Female
Evalyn,Female
Bonnie,Female
Zaria,Female
Carla,Female
Estella,Female
Kailani,Female
Rivka,Female
Rylan,Female
Paulina,Female
Kayden,Female
Giana,Female
Yareli,Female
Kaiya,Female
Sariah,Female
Avalynn,Female
Jasmin,Female
Aya,Female
Jewel,Female
Kristen,Female
Paula,Female
Astrid,Female
Jordynn,Female
Kenya,Female
Ann,Female
Annalee,Female
Kai,Female
Kiley,Female
Marleigh,Female
Julianne,Female
Zion,Female
Emmaline,Female
Nataly,Female
Aminah,Female
Amya,Female
Iliana,Female
Jaida,Female
Paloma,Female
Asia,Female
Louisa,Female
Sarahi,Female
Tara,Female
Andi,Female
Arden,Female
Dalary,Female
Aimee,Female
Alisson,Female
Halle,Female
Aitana,Female
Landry,Female
Alisha,Female
Elin,Female
Maliah,Female
Belen,Female
Briley,Female
Raina,Female
Vienna,Female
Esperanza,Female
Judith,Female
Faye,Female
Susan,Female
Aliya,Female
Aranza,Female
Yasmin,Female
Jaylin,Female
Kyndall,Female
Saniyah,Female
Wendy,Female
Yaritza,Female
Azaria,Female
Kaelynn,Female
Neriah,Female
Zainab,Female
Alissa,Female
Cherish,Female
Dixie,Female
Veda,Female
Nala,Female
Tabitha,Female
Cordelia,Female
Ellison,Female
Meilani,Female
Angeline,Female
Reina,Female
Tegan,Female
Hadleigh,Female
Harmoni,Female
Kimora,Female
Ingrid,Female
Lilia,Female
Luz,Female
Aislinn,Female
America,Female
Ellis,Female
Elora,Female
Heather,Female
Natalee,Female
Miya,Female
Heavenly,Female
Jenny,Female
Aubriella,Female
Emmalee,Female
Kensington,Female
Kiana,Female
Lilyanna,Female
Tinley,Female
Ophelia,Female
Moriah,Female
Sharon,Female
Charlize,Female
Abril,Female
Avalyn,Female
Mariyah,Female
Taya,Female
Ireland,Female
Lyra,Female
Noor,Female
Sariyah,Female
Giavanna,Female
Stevie,Female
Rhea,Female
Zaylee,Female
Denise,Female
Frankie,Female
Janiya,Female
Jocelynn,Female
Libby,Female
Aubrianna,Female
Kaitlynn,Female
Princess,Female
Sidney,Female
Alianna,Female
Noah,Male
Liam,Male
Mason,Male
Jacob,Male
William,Male
Ethan,Male
James,Male
Alexander,Male
Michael,Male
Benjamin,Male
Elijah,Male
Daniel,Male
Aiden,Male
Logan,Male
Matthew,Male
Lucas,Male
Jackson,Male
David,Male
Oliver,Male
Jayden,Male
Joseph,Male
Gabriel,Male
Samuel,Male
Carter,Male
Anthony,Male
John,Male
Dylan,Male
Luke,Male
Henry,Male
Andrew,Male
Isaac,Male
Christopher,Male
Joshua,Male
Wyatt,Male
Sebastian,Male
Owen,Male
Caleb,Male
Nathan,Male
Ryan,Male
Jack,Male
Hunter,Male
Levi,Male
Christian,Male
Jaxon,Male
Julian,Male
Landon,Male
Grayson,Male
Jonathan,Male
Isaiah,Male
Charles,Male
Thomas,Male
Aaron,Male
Eli,Male
Connor,Male
Jeremiah,Male
Cameron,Male
Josiah,Male
Adrian,Male
Colton,Male
Jordan,Male
Brayden,Male
Nicholas,Male
Robert,Male
Angel,Male
Hudson,Male
Lincoln,Male
Evan,Male
Dominic,Male
Austin,Male
Gavin,Male
Nolan,Male
Parker,Male
Adam,Male
Chase,Male
Jace,Male
Ian,Male
Cooper,Male
Easton,Male
Kevin,Male
Jose,Male
Tyler,Male
Brandon,Male
Asher,Male
Jaxson,Male
Mateo,Male
Jason,Male
Ayden,Male
Zachary,Male
Carson,Male
Xavier,Male
Leo,Male
Ezra,Male
Bentley,Male
Sawyer,Male
Kayden,Male
Blake,Male
Nathaniel,Male
Ryder,Male
Theodore,Male
Elias,Male
Tristan,Male
Roman,Male
Leonardo,Male
Camden,Male
Brody,Male
Luis,Male
Miles,Male
Micah,Male
Vincent,Male
Justin,Male
Greyson,Male
Declan,Male
Maxwell,Male
Juan,Male
Cole,Male
Damian,Male
Carlos,Male
Max,Male
Harrison,Male
Weston,Male
Brantley,Male
Braxton,Male
Axel,Male
Diego,Male
Abel,Male
Wesley,Male
Santiago,Male
Jesus,Male
Silas,Male
Giovanni,Male
Bryce,Male
Jayce,Male
Bryson,Male
Alex,Male
Everett,Male
George,Male
Eric,Male
Ivan,Male
Emmett,Male
Kaiden,Male
Ashton,Male
Kingston,Male
Jonah,Male
Jameson,Male
Kai,Male
Maddox,Male
Timothy,Male
Ezekiel,Male
Ryker,Male
Emmanuel,Male
Hayden,Male
Antonio,Male
Bennett,Male
Steven,Male
Richard,Male
Jude,Male
Luca,Male
Edward,Male
Joel,Male
Victor,Male
Miguel,Male
Malachi,Male
King,Male
Patrick,Male
Kaleb,Male
Bryan,Male
Alan,Male
Marcus,Male
Preston,Male
Abraham,Male
Calvin,Male
Colin,Male
Bradley,Male
Jeremy,Male
Kyle,Male
Graham,Male
Grant,Male
Jesse,Male
Kaden,Male
Alejandro,Male
Oscar,Male
Jase,Male
Karter,Male
Maverick,Male
Aidan,Male
Tucker,Male
Avery,Male
Amir,Male
Brian,Male
Iker,Male
Matteo,Male
Caden,Male
Zayden,Male
Riley,Male
August,Male
Mark,Male
Maximus,Male
Brady,Male
Kenneth,Male
Paul,Male
Jaden,Male
Nicolas,Male
Beau,Male
Dean,Male
Jake,Male
Peter,Male
Xander,Male
Elliot,Male
Finn,Male
Derek,Male
Sean,Male
Cayden,Male
Elliott,Male
Jax,Male
Jasper,Male
Lorenzo,Male
Omar,Male
Beckett,Male
Rowan,Male
Gael,Male
Corbin,Male
Waylon,Male
Myles,Male
Tanner,Male
Jorge,Male
Javier,Male
Zion,Male
Andres,Male
Charlie,Male
Paxton,Male
Emiliano,Male
Brooks,Male
Zane,Male
Simon,Male
Judah,Male
Griffin,Male
Cody,Male
Gunner,Male
Dawson,Male
Israel,Male
Rylan,Male
Gage,Male
Messiah,Male
River,Male
Kameron,Male
Stephen,Male
Francisco,Male
Clayton,Male
Zander,Male
Chance,Male
Eduardo,Male
Spencer,Male
Lukas,Male
Damien,Male
Dallas,Male
Conner,Male
Travis,Male
Knox,Male
Raymond,Male
Peyton,Male
Devin,Male
Felix,Male
Jayceon,Male
Collin,Male
Amari,Male
Erick,Male
Cash,Male
Jaiden,Male
Fernando,Male
Cristian,Male
Josue,Male
Keegan,Male
Garrett,Male
Rhett,Male
Ricardo,Male
Martin,Male
Reid,Male
Seth,Male
Andre,Male
Cesar,Male
Titus,Male
Donovan,Male
Manuel,Male
Mario,Male
Caiden,Male
Adriel,Male
Kyler,Male
Milo,Male
Archer,Male
Jeffrey,Male
Holden,Male
Arthur,Male
Karson,Male
Rafael,Male
Shane,Male
Lane,Male
Louis,Male
Angelo,Male
Remington,Male
Troy,Male
Emerson,Male
Maximiliano,Male
Hector,Male
Emilio,Male
Anderson,Male
Trevor,Male
Phoenix,Male
Walter,Male
Johnathan,Male
Johnny,Male
Edwin,Male
Julius,Male
Barrett,Male
Leon,Male
Tyson,Male
Tobias,Male
Edgar,Male
Dominick,Male
Marshall,Male
Marco,Male
Joaquin,Male
Dante,Male
Andy,Male
Cruz,Male
Ali,Male
Finley,Male
Dalton,Male
Gideon,Male
Reed,Male
Enzo,Male
Sergio,Male
Jett,Male
Thiago,Male
Kyrie,Male
Ronan,Male
Cohen,Male
Colt,Male
Erik,Male
Trenton,Male
Jared,Male
Walker,Male
Landen,Male
Alexis,Male
Nash,Male
Jaylen,Male
Gregory,Male
Emanuel,Male
Killian,Male
Allen,Male
Atticus,Male
Desmond,Male
Shawn,Male
Grady,Male
Quinn,Male
Frank,Male
Fabian,Male
Dakota,Male
Roberto,Male
Beckham,Male
Major,Male
Skyler,Male
Nehemiah,Male
Drew,Male
Cade,Male
Muhammad,Male
Kendrick,Male
Pedro,Male
Orion,Male
Aden,Male
Kamden,Male
Ruben,Male
Zaiden,Male
Clark,Male
Noel,Male
Porter,Male
Solomon,Male
Romeo,Male
Rory,Male
Malik,Male
Daxton,Male
Leland,Male
Kash,Male
Abram,Male
Derrick,Male
Kade,Male
Gunnar,Male
Prince,Male
Brendan,Male
Leonel,Male
Kason,Male
Braylon,Male
Legend,Male
Pablo,Male
Jay,Male
Adan,Male
Jensen,Male
Esteban,Male
Kellan,Male
Drake,Male
Warren,Male
Ismael,Male
Ari,Male
Russell,Male
Bruce,Male
Finnegan,Male
Marcos,Male
Jayson,Male
Theo,Male
Jaxton,Male
Phillip,Male
Dexter,Male
Braylen,Male
Armando,Male
Braden,Male
Corey,Male
Kolton,Male
Gerardo,Male
Ace,Male
Ellis,Male
Malcolm,Male
Tate,Male
Zachariah,Male
Chandler,Male
Milan,Male
Keith,Male
Danny,Male
Damon,Male
Enrique,Male
Jonas,Male
Kane,Male
Princeton,Male
Hugo,Male
Ronald,Male
Philip,Male
Ibrahim,Male
Kayson,Male
Maximilian,Male
Lawson,Male
Harvey,Male
Albert,Male
Donald,Male
Raul,Male
Franklin,Male
Hendrix,Male
Odin,Male
Brennan,Male
Jamison,Male
Dillon,Male
Brock,Male
Landyn,Male
Mohamed,Male
Brycen,Male
Deacon,Male
Colby,Male
Alec,Male
Julio,Male
Scott,Male
Matias,Male
Sullivan,Male
Rodrigo,Male
Cason,Male
Taylor,Male
Rocco,Male
Nico,Male
Royal,Male
Pierce,Male
Augustus,Male
Raiden,Male
Kasen,Male
Benson,Male
Moses,Male
Cyrus,Male
Raylan,Male
Davis,Male
Khalil,Male
Moises,Male
Conor,Male
Nikolai,Male
Alijah,Male
Mathew,Male
Keaton,Male
Francis,Male
Quentin,Male
Ty,Male
Jaime,Male
Ronin,Male
Kian,Male
Lennox,Male
Malakai,Male
Atlas,Male
Jerry,Male
Ryland,Male
Ahmed,Male
Saul,Male
Sterling,Male
Dennis,Male
Lawrence,Male
Zayne,Male
Bodhi,Male
Arjun,Male
Darius,Male
Arlo,Male
Eden,Male
Tony,Male
Dustin,Male
Kellen,Male
Chris,Male
Mohammed,Male
Nasir,Male
Omari,Male
Kieran,Male
Nixon,Male
Rhys,Male
Armani,Male
Arturo,Male
Bowen,Male
Frederick,Male
Callen,Male
Leonidas,Male
Remy,Male
Wade,Male
Luka,Male
Jakob,Male
Winston,Male
Justice,Male
Alonzo,Male
Curtis,Male
Aarav,Male
Gustavo,Male
Royce,Male
Asa,Male
Gannon,Male
Kyson,Male
Hank,Male
Izaiah,Male
Roy,Male
Raphael,Male
Luciano,Male
Hayes,Male
Case,Male
Darren,Male
Mohammad,Male
Otto,Male
Layton,Male
Isaias,Male
Alberto,Male
Jamari,Male
Colten,Male
Dax,Male
Marvin,Male
Casey,Male
Moshe,Male
Johan,Male
Sam,Male
Matthias,Male
Larry,Male
Trey,Male
Devon,Male
Trent,Male
Mauricio,Male
Mathias,Male
Issac,Male
Dorian,Male
Gianni,Male
Ahmad,Male
Nikolas,Male
Oakley,Male
Uriel,Male
Lewis,Male
Randy,Male
Cullen,Male
Braydon,Male
Ezequiel,Male
Reece,Male
Jimmy,Male
Crosby,Male
Soren,Male
Uriah,Male
Roger,Male
Nathanael,Male
Emmitt,Male
Gary,Male
Rayan,Male
Ricky,Male
Mitchell,Male
Roland,Male
Alfredo,Male
Cannon,Male
Jalen,Male
Tatum,Male
Kobe,Male
Yusuf,Male
Quinton,Male
Korbin,Male
Brayan,Male
Joe,Male
Byron,Male
Ariel,Male
Quincy,Male
Carl,Male
Kristopher,Male
Alvin,Male
Duke,Male
Lance,Male
London,Male
Jasiah,Male
Boston,Male
Santino,Male
Lennon,Male
Deandre,Male
Madden,Male
Talon,Male
Sylas,Male
Orlando,Male
Hamza,Male
Bo,Male
Aldo,Male
Douglas,Male
Tristen,Male
Wilson,Male
Maurice,Male
Samson,Male
Cayson,Male
Bryant,Male
Conrad,Male
Dane,Male
Julien,Male
Sincere,Male
Noe,Male
Salvador,Male
Nelson,Male
Edison,Male
Ramon,Male
Lucian,Male
Mekhi,Male
Niko,Male
Ayaan,Male
Vihaan,Male
Neil,Male
Titan,Male
Ernesto,Male
Brentley,Male
Lionel,Male
Zayn,Male
Dominik,Male
Cassius,Male
Rowen,Male
Blaine,Male
Sage,Male
Kelvin,Male
Jaxen,Male
Memphis,Male
Leonard,Male
Abdullah,Male
Jacoby,Male
Allan,Male
Jagger,Male
Yahir,Male
Forrest,Male
Guillermo,Male
Mack,Male
Zechariah,Male
Harley,Male
Terry,Male
Kylan,Male
Fletcher,Male
Rohan,Male
Eddie,Male
Bronson,Male
Jefferson,Male
Rayden,Male
Terrance,Male
Marc,Male
Morgan,Male
Valentino,Male
Demetrius,Male
Kristian,Male
Hezekiah,Male
Lee,Male
Alessandro,Male
Makai,Male
Rex,Male
Callum,Male
Kamari,Male
Casen,Male
Tripp,Male
Callan,Male
Stanley,Male
Toby,Male
Elian,Male
Langston,Male
Melvin,Male
Payton,Male
Flynn,Male
Jamir,Male
Kyree,Male
Aryan,Male
Axton,Male
Azariah,Male
Branson,Male
Reese,Male
Adonis,Male
Thaddeus,Male
Zeke,Male
Tommy,Male
Blaze,Male
Carmelo,Male
Skylar,Male
Arian,Male
Bruno,Male
Kaysen,Male
Layne,Male
Ray,Male
Zain,Male
Crew,Male
Jedidiah,Male
Rodney,Male
Clay,Male
Tomas,Male
Alden,Male
Jadiel,Male
Harper,Male
Ares,Male
Cory,Male
Brecken,Male
Chaim,Male
Nickolas,Male
Kareem,Male
Xzavier,Male
Kaison,Male
Alonso,Male
Amos,Male
Vicente,Male
Samir,Male
Yosef,Male
Jamal,Male
Jon,Male
Bobby,Male
Aron,Male
Ben,Male
Ford,Male
Brodie,Male
Cain,Male
Finnley,Male
Briggs,Male
Davion,Male
Kingsley,Male
Brett,Male
Wayne,Male
Zackary,Male
Apollo,Male
Emery,Male
Joziah,Male
Lucca,Male
Bentlee,Male
Hassan,Male
Westin,Male
Joey,Male
Vance,Male
Marcelo,Male
Axl,Male
Jermaine,Male
Chad,Male
Gerald,Male
Kole,Male
Dash,Male
Dayton,Male
Lachlan,Male
Shaun,Male
Kody,Male
Ronnie,Male
Kolten,Male
Marcel,Male
Stetson,Male
Willie,Male
Jeffery,Male
Brantlee,Male
Elisha,Male
Maxim,Male
Kendall,Male
Harry,Male
Leandro,Male
Aaden,Male
Channing,Male
Kohen,Male
Yousef,Male
Darian,Male
Enoch,Male
Mayson,Male
Neymar,Male
Giovani,Male
Alfonso,Male
Duncan,Male
Anders,Male
Braeden,Male
Dwayne,Male
Keagan,Male
Felipe,Male
Fisher,Male
Stefan,Male
Trace,Male
Aydin,Male
Anson,Male
Clyde,Male
Blaise,Male
Canaan,Male
Maxton,Male
Alexzander,Male
Billy,Male
Harold,Male
Baylor,Male
Gordon,Male
Rene,Male
Terrence,Male
Vincenzo,Male
Kamdyn,Male
Marlon,Male
Castiel,Male
Lamar,Male
Augustine,Male
Jamie,Male
Eugene,Male
Harlan,Male
Kase,Male
Miller,Male
Van,Male
Kolby,Male
Sonny,Male
Emory,Male
Junior,Male
Graysen,Male
Heath,Male
Rogelio,Male
Will,Male
Amare,Male
Ameer,Male
Camdyn,Male
Jerome,Male
Maison,Male
Micheal,Male
Cristiano,Male
Giancarlo,Male
Henrik,Male
Lochlan,Male
Bode,Male
Camron,Male
Houston,Male
Otis,Male
Hugh,Male
Kannon,Male
Konnor,Male
Emmet,Male
Kamryn,Male
Maximo,Male
Adrien,Male
Cedric,Male
Dariel,Male
Landry,Male
Leighton,Male
Magnus,Male
Draven,Male
Javon,Male
Marley,Male
Zavier,Male
Markus,Male
Justus,Male
Reyansh,Male
Rudy,Male
Santana,Male
Misael,Male
Abdiel,Male
Davian,Male
Zaire,Male
Jordy,Male
Reginald,Male
Benton,Male
Darwin,Male
Franco,Male
Jairo,Male
Jonathon,Male
Reuben,Male
Urijah,Male
Vivaan,Male
Brent,Male
Gauge,Male
Vaughn,Male
Coleman,Male
Zaid,Male
Terrell,Male
Kenny,Male
Brice,Male
Lyric,Male
Judson,Male
Shiloh,Male
Damari,Male
Kalel,Male
Braiden,Male
Brenden,Male
Coen,Male
Denver,Male
Javion,Male
Thatcher,Male
Rey,Male
Dilan,Male
Dimitri,Male
Immanuel,Male
Mustafa,Male
Ulises,Male
Alvaro,Male
Dominique,Male
Eliseo,Male
Anakin,Male
Craig,Male
Dario,Male
Santos,Male
Grey,Male
Ishaan,Male
Jessie,Male
Jonael,Male
Alfred,Male
Tyrone,Male
Valentin,Male
Jadon,Male
Turner,Male
Ignacio,Male
Riaan,Male
Rocky,Male
Ephraim,Male
Marquis,Male
Musa,Male
Keenan,Male
Ridge,Male
Chace,Male
Kymani,Male
Rodolfo,Male
Darrell,Male
Steve,Male
Agustin,Male
Jaziel,Male
Boone,Male
Cairo,Male
Kashton,Male
Rashad,Male
Gibson,Male
Jabari,Male
Avi,Male
Quintin,Male
Seamus,Male
Rolando,Male
Sutton,Male
Camilo,Male
Triston,Male
Yehuda,Male
Cristopher,Male
Davin,Male
Ernest,Male
Jamarion,Male
Kamren,Male
Salvatore,Male
Anton,Male
Aydan,Male
Huxley,Male
Jovani,Male
Wilder,Male
Bodie,Male
Jordyn,Male
Louie,Male
Achilles,Male
Kaeden,Male
Kamron,Male
Aarush,Male
Deangelo,Male
Robin,Male
Yadiel,Male
Yahya,Male
Boden,Male
Ean,Male
Kye,Male
Kylen,Male
Todd,Male
Truman,Male
Chevy,Male
Gilbert,Male
Haiden,Male
Brixton,Male
Dangelo,Male
Juelz,Male
Osvaldo,Male
Bishop,Male
Freddy,Male
Reagan,Male
Frankie,Male
Malaki,Male
Camren,Male
Deshawn,Male
Jayvion,Male
Leroy,Male
Briar,Male
Jaydon,Male
Antoine,Male
Derik,Male
Zachery,Male
Ross,Male
Randall,Male
Bailey,Male
Branden,Male
Johnathon,Male
Tevin,Male
Clinton,Male
Zackery,Male
Jarrett,Male
Brendon,Male
Devonte,Male
Darryl,Male
Dale,Male
Geoffrey,Male
Karl,Male
Devante,Male
Glenn,Male
Trevon,Male
Jordon,Male
Kurt,Male
Jarrod,Male
Devan,Male
Tyrell,Male
Isiah,Male
Denzel,Male
Jarred,Male
Gilberto,Male
Donte,Male
Sheldon,Male
Davon,Male
Ramiro,Male
Marquise,Male
Tylor,Male
Clarence,Male
Mackenzie,Male
Shaquille,Male
Darnell,Male
Garret,Male
Ralph,Male
Tyree,Male
Brad,Male
Stephan,Male
Stuart,Male
Jaquan,Male
Roderick,Male
Clifford,Male
Daquan,Male
Demarcus,Male
Barry,Male
Bernard,Male
Kelly,Male
Kurtis,Male
Bret,Male
Kory,Male
Jarod,Male
Clint,Male
Damion,Male
Kirk,Male
Howard,Male
Earl,Male
Derick,Male
Shannon,Male
Sidney,Male
Deonte,Male
Nigel,Male
Efrain,Male
Jarvis,Male
Austen,Male
Deon,Male
Humberto,Male
Darien,Male
Perry,Male
Carlton,Male
Courtney,Male
Daryl,Male
Kasey,Male
Jaron,Male
Jamar,Male
Fredrick,Male
Norman,Male
Dwight,Male
Chaz,Male
Korey,Male
Deven,Male
Mike,Male
Shelby,Male
Stephon,Male
Addison,Male
Dion,Male
Brenton,Male
Mitchel,Male
Terence,Male
Neal,Male
Dashawn,Male
Glen,Male
Nathanial,Male
Irvin,Male
Shayne,Male
Jean,Male
Raheem,Male
Baby,Male
Clifton,Male
Tre,Male
Coty,Male
Darrin,Male
Kent,Male
Lonnie,Male
Cornelius,Male
Milton,Male
Darrius,Male
Vernon,Male
Reynaldo,Male
Fred,Male
Dandre,Male
Adolfo,Male
Lamont,Male
Jamel,Male
Tracy,Male
Infant,Male
Lloyd,Male
Arnold,Male
Rigoberto,Male
Rickey,Male
Cortez,Male
Darin,Male
Don,Male
Darion,Male
Guadalupe,Male
Duane,Male
Kristofer,Male
Travon,Male
Nestor,Male
Deion,Male
Juwan,Male
Rick,Male
Dillan,Male
Kerry,Male
German,Male
Antwan,Male
Jovan,Male
Brennen,Male
Tristin,Male
Herbert,Male
Guy,Male
Gerard,Male
Johnnie,Male
Pierre,Male
Cordell,Male
Freddie,Male
Jimmie,Male
Bradford,Male
Paris,Male
Elvis,Male
Sammy,Male
Estevan,Male
Brandan,Male
Davonte,Male
Donnie,Male
Ladarius,Male
Trever,Male
Madison,Male
Octavio,Male
Heriberto,Male
Rashawn,Male
Donavan,Male
Keon,Male
Gino,Male
Akeem,Male
Jerrod,Male
Jackie,Male
Elmer,Male
Hakeem,Male
Brandyn,Male
Jaylon,Male
Garrison,Male
Aubrey,Male
Tyrese,Male
Dewayne,Male
Bradly,Male
Bernardo,Male
Nick,Male
Dequan,Male
Herman,Male
Coby,Male
Dylon,Male
Gene,Male
Dillion,Male
Marquez,Male
Myron,Male
Tariq,Male
Lester,Male
Arron,Male
Dana,Male
Loren,Male
Zakary,Male
Gonzalo,Male
Raymundo,Male
Rico,Male
Aric,Male
Devyn,Male
Benny,Male
Josh,Male
Benito,Male
Irving,Male
Marques,Male
Josef,Male
Shea,Male
Jaleel,Male
Jeff,Male
Jamarcus,Male
Ulysses,Male
Jamil,Male
Fidel,Male
Leslie,Male
Quinten,Male
Efren,Male
Stewart,Male
Dontae,Male
Devonta,Male
Mikel,Male
Dan,Male
Tyron,Male
Demarco,Male
Floyd,Male
Antony,Male
Alexandro,Male
Dusty,Male
Kevon,Male
Keven,Male
Codey,Male
Austyn,Male
Jaylin,Male
Hernan,Male
Alton,Male
Donnell,Male
Jorden,Male
Hans,Male
Kadeem,Male
Garett,Male
Jade,Male
Broderick,Male
Carlo,Male
Gregorio,Male
Andreas,Male
Raekwon,Male
Deshaun,Male
Maximillian,Male
Cecil,Male
Erich,Male
Javonte,Male
Rasheed,Male
Dejuan,Male
Edgardo,Male
Jim,Male
Jamaal,Male
Dakotah,Male
Justyn,Male
Keanu,Male
Jacques,Male
Chadwick,Male
Brant,Male
Montana,Male
Jessy,Male
Blair,Male
Tyshawn,Male
Cale,Male
Bryon,Male
Dallin,Male
Deondre,Male
Darrion,Male
Kenton,Male
Erin,Male
Codie,Male
Randolph,Male
Ted,Male
Stone,Male
Tristian,Male
Ryne,Male
Alexandre,Male
Ervin,Male
Najee,Male
Abdul,Male
Domenic,Male
Unknown,Male
Kelsey,Male
Tory,Male
Tyquan,Male
Kelton,Male
Eddy,Male
Destin,Male
Jess,Male
Kirby,Male
Khalid,Male
Cristobal,Male
Francesco,Male
Wendell,Male
Isidro,Male
Jody,Male
Darrian,Male
Rusty,Male
Galen,Male
Lyle,Male
Chester,Male
Keshawn,Male
Tavon,Male
Justen,Male
Dionte,Male
Storm,Male
Daron,Male
Shelton,Male
Mickey,Male
Syed,Male
Edmund,Male
Spenser,Male
Devontae,Male
Auston,Male
Kennedy,Male
Greg,Male
Tom,Male
Forest,Male
Markel,Male
Trae,Male
Dominque,Male
Tayler,Male
Demario,Male
Kegan,Male
Kelby,Male
Jerrell,Male
Keyshawn,Male
Antwon,Male
Shamar,Male
Koby,Male
Jerod,Male
Pete,Male
Rodrick,Male
Ashley,Male
Darrien,Male
Deontae,Male
Shaquan,Male
Randal,Male
Scotty,Male
Wilfredo,Male
Sherman,Male
Genaro,Male
Morris,Male
Markell,Male
Ronaldo,Male
Brennon,Male
Shannon,Female
Brittney,Female
Meghan,Female
Kaitlin,Female
Kristin,Female
Rachael,Female
Dominique,Female
Brandi,Female
Krystal,Female
Katrina,Female
Meagan,Female
Kirsten,Female
Chelsey,Female
Monique,Female
Deanna,Female
Ashlee,Female
Felicia,Female
Marisa,Female
Mercedes,Female
Krista,Female
Yesenia,Female
Diamond,Female
Cindy,Female
Brandy,Female
Gina,Female
Cierra,Female
Ashleigh,Female
Cristina,Female
Colleen,Female
Jaclyn,Female
Britney,Female
Nichole,Female
Candace,Female
Kasey,Female
Mayra,Female
Renee,Female
Justine,Female
Tiara,Female
Katlyn,Female
Tamara,Female
Theresa,Female
Carrie,Female
Kelli,Female
Ebony,Female
Alexus,Female
Jacquelyn,Female
Candice,Female
Kelsie,Female
Tia,Female
Janet,Female
Cassie,Female
Stacy,Female
Carissa,Female
Stacey,Female
Hillary,Female
Ashton,Female
Robin,Female
Tyler,Female
Pamela,Female
Toni,Female
Deja,Female
Kellie,Female
Melinda,Female
Devon,Female
Devin,Female
Tanya,Female
Christian,Female
Kierra,Female
Karissa,Female
Nikki,Female
Sonia,Female
Chelsie,Female
Tina,Female
Tierra,Female
Shawna,Female
Destinee,Female
Lorena,Female
Brianne,Female
Tracy,Female
Taryn,Female
Larissa,Female
Kristine,Female
Cortney,Female
Chasity,Female
Tayler,Female
Kari,Female
Precious,Female
Leticia,Female
Nicolette,Female
Brittani,Female
Shanice,Female
Kristy,Female
Tania,Female
India,Female
Robyn,Female
Cheyanne,Female
Jeanette,Female
Michele,Female
Christy,Female
Shania,Female
Kaila,Female
Breana,Female
Carley,Female
Jaime,Female
Shayna,Female
Randi,Female
Marlene,Female
Donna,Female
Abbey,Female
Ciera,Female
Yvette,Female
Kristi,Female
Christa,Female
Kourtney,Female
Rachelle,Female
Ericka,Female
Meaghan,Female
Misty,Female
Stefanie,Female
Trisha,Female
Katharine,Female
Kaleigh,Female
Maritza,Female
Tasha,Female
Cristal,Female
Carina,Female
Maribel,Female
Blanca,Female
Chantel,Female
Tiffani,Female
Kelsi,Female
Haleigh,Female
Janae,Female
Tatyana,Female
Yvonne,Female
Charity,Female
Carol,Female
Lori,Female
Kelley,Female
Kiersten,Female
Diane,Female
Kaley,Female
Margarita,Female
Lyndsey,Female
Jill,Female
Sandy,Female
Shaina,Female
Tianna,Female
Mollie,Female
Sheila,Female
Lesley,Female
Yolanda,Female
Desirae,Female
Casandra,Female
Tanisha,Female
Anita,Female
Tess,Female
Stephany,Female
Maranda,Female
Shana,Female
Alisa,Female
Beatriz,Female
Cayla,Female
Micaela,Female
Lacy,Female
Kathy,Female
Kacie,Female
Dawn,Female
Antoinette,Female
Bridgette,Female
Roxanne,Female
Yasmine,Female
Alexandrea,Female
Carlie,Female
Chandler,Female
Rochelle,Female
Suzanne,Female
Darian,Female
Araceli,Female
Selina,Female
Sally,Female
Tyra,Female
Susana,Female
Antonia,Female
Alysha,Female
Katelin,Female
Norma,Female
Breanne,Female
Iesha,Female
Kaylyn,Female
Shauna,Female
Keri,Female
Celina,Female
Janice,Female
Hilary,Female
Charlene,Female
Rocio,Female
Rhiannon,Female
Gillian,Female
Jacklyn,Female
Regan,Female
Shirley,Female
Karli,Female
Karly,Female
Ashlie,Female
Juanita,Female
Keisha,Female
Mariela,Female
Mckayla,Female
Maegan,Female
Annette,Female
Loren,Female
Yadira,Female
Katy,Female
Alex,Female
Shelbi,Female
Leanne,Female
Jodi,Female
Katarina,Female
Abbie,Female
Essence,Female
Kerri,Female
Sonya,Female
Jaqueline,Female
Tonya,Female
Darlene,Female
Beverly,Female
Kasandra,Female
Keely,Female
Tammy,Female
Lizette,Female
Katlin,Female
Jena,Female
Shantel,Female
Lexus,Female
Maura,Female
Halie,Female
Jesse,Female
Rita,Female
Ashly,Female
Shanna,Female
Arlene,Female
Kacey,Female
Kelsea,Female
Ayanna,Female
Connie,Female
Silvia,Female
Justina,Female
Kirstin,Female
Sade,Female
Latoya,Female
Rebeca,Female
Gretchen,Female
Beth,Female
Anissa,Female
Jenifer,Female
Kerry,Female
Brook,Female
Octavia,Female
Joanne,Female
Shaniqua,Female
Cheryl,Female
Alycia,Female
Jana,Female
Khadijah,Female
Debra,Female
Savanah,Female
Ali,Female
Yessenia,Female
Corina,Female
Brittni,Female
Constance,Female
Mandy,Female
Carli,Female
Christie,Female
Elissa,Female
Christiana,Female
Shelbie,Female
Allyssa,Female
Kaela,Female
Tabatha,Female
Fabiola,Female
Dianna,Female
Kalyn,Female
Mindy,Female
Shakira,Female
Shyanne,Female
Nikita,Female
Alysia,Female
Kaci,Female
Latasha,Female
Kristie,Female
Shea,Female
Gladys,Female
Jalisa,Female
Stacie,Female
Montana,Female
Nadine,Female
Hollie,Female
Maricela,Female
Graciela,Female
Janette,Female
Maureen,Female
Destini,Female
Janie,Female
Kala,Female
Baby,Female
Audra,Female
Jayme,Female
Chantal,Female
Breann,Female
Destiney,Female
Bobbie,Female
Tamia,Female
Jessika,Female
Adrian,Female
Leigh,Female
Kristian,Female
Latisha,Female
Devan,Female
Macey,Female
Judy,Female
Jennie,Female
Dayna,Female
Gabriel,Female
Lucero,Female
Magdalena,Female
Joelle,Female
Devyn,Female
Jami,Female
Berenice,Female
Brandie,Female
Christen,Female
Cori,Female
Leann,Female
Alysa,Female
Racheal,Female
Ayana,Female
Staci,Female
Elisha,Female
Kaycee,Female
Kristyn,Female
Kortney,Female
Jackie,Female
Terri,Female
Tracey,Female
Darby,Female
Bobbi,Female
Kayley,Female
Martina,Female
Krysta,Female
Shelly,Female
Lacie,Female
Kalie,Female
Karley,Female
Bryana,Female
Noel,Female
Domonique,Female
Asha,Female
Juana,Female
Monika,Female
Myranda,Female
Dalia,Female
Kianna,Female
Marcella,Female
Lesly,Female
Jaimie,Female
Marisela,Female
Melisa,Female
Betty,Female
Britany,Female
Emerald,Female
Carson,Female
Kirstie,Female
Patrice,Female
Infant,Female
Sydnee,Female
Breonna,Female
Brittanie,Female
Marlena,Female
Hali,Female
Lynn,Female
Roxana,Female
Kia,Female
Alecia,Female
Damaris,Female
Belinda,Female
Jazmyn,Female
Terra,Female
Pauline,Female
Christin,Female
Ivette,Female
Eboni,Female
Rikki,Female
Delia,Female
Dina,Female
Sherry,Female
Alesha,Female
Brionna,Female
Billie,Female
Ashanti,Female
Griselda,Female
Kayli,Female
Tricia,Female
Elyssa,Female
Aja,Female
Yasmeen,Female
Lourdes,Female
Traci,Female
Mikala,Female
Anjelica,Female
Susanna,Female
Isis,Female
Estefania,Female
Drew,Female
Jocelyne,Female
Janay,Female
Katlynn,Female
Lorraine,Female
Lizeth,Female
Mireya,Female
Kimberlee,Female
Abbigail,Female
Kendal,Female
Shyann,Female
Ashely,Female
Jailene,Female
Leandra,Female
Corey,Female
Katerina,Female
Yazmin,Female
Sarina,Female
Sheena,Female
Stormy,Female
Maira,Female
Ashli,Female
Chelsi,Female
Jessi,Female
Eryn,Female
Kinsey,Female
Irma,Female
Leeann,Female
Jerrica,Female
Haylie,Female
Kimberley,Female
Tiera,Female
Tiffanie,Female
Chyna,Female
Chantelle,Female
Kristal,Female
Amie,Female
Dasia,Female
Unique,Female
Olga,Female
Rhonda,Female
Tyesha,Female
Patience,Female
Sydni,Female
Krystle,Female
Tatianna,Female
Janine,Female
Daisha,Female
Kathrine,Female
Laurie,Female
Mattie,Female
Sydnie,Female
Jamila,Female
Lisette,Female
Jodie,Female
Jasmyn,Female
Tamera,Female
Laken,Female
Bill,Male
Tim,Male
Ron,Male
Claude,Male
Wallace,Male
Ken,Male
Bob,Male
Dave,Male
Willard,Male
Virgil,Male
Marion,Male
Luther,Male
Homer,Male
Doug,Male
Hubert,Male
Matt,Male
Lynn,Male
Wilbur,Male
Horace,Male
Willis,Male
Ira,Male
Rudolph,Male
Archie,Male
Wm,Male
Garry,Male
Bennie,Male
Ed,Male
Delbert,Male
Earnest,Male
Lowell,Male
Gregg,Male
Sylvester,Male
Kim,Male
Roosevelt,Male
Wilbert,Male
Carroll,Male
Rufus,Male
Woodrow,Male
Marty,Male
Laurence,Male
Orville,Male
Dewey,Male
Al,Male
Wilfred,Male
Doyle,Male
Darrel,Male
Bert,Male
Elbert,Male
Pat,Male
Phil,Male
Percy,Male
Merle,Male
Tommie,Male
Timmy,Male
Boyd,Male
Jan,Male
Cary,Male
Domingo,Male
Jerald,Male
Edmond,Male
Emil,Male
Teddy,Male
Stacy,Male
Garland,Male
Billie,Male
Rodger,Male
Eldon,Male
Robbie,Male
Grover,Male
Elton,Male
Cleveland,Male
Chuck,Male
Stan,Male
Russel,Male
Erwin,Male
Monte,Male
Ernie,Male
Curt,Male
Murray,Male
Burton,Male
Bart,Male
Denis,Male
Buddy,Male
Kermit,Male
Roscoe,Male
Norbert,Male
Elvin,Male
Williams,Male
Carey,Male
Rod,Male
Hal,Male
Brain,Male
Rob,Male
Elwood,Male
Son,Male
Marlin,Male
Cliff,Male
Armand,Male
Jeffry,Male
Joesph,Male
Thurman,Male
Ned,Male
Sammie,Male
Michel,Male
Monty,Male
Reggie,Male
Kris,Male
Gus,Male
Loyd,Male
Adolph,Male
Norris,Male
Millard,Male
Gerry,Male
Stacey,Male
Carmen,Male
Wiley,Male
Alphonso,Male
Rickie,Male
Vern,Male
Bobbie,Male
Hiram,Male
Basil,Male
Ollie,Male
Maynard,Male
Scot,Male
Vince,Male
Federico,Male
Denny,Male
Ward,Male
Clement,Male
Coy,Male
Odell,Male
Mary,Male
Dudley,Male
Sanford,Male
Barney,Male
Hollis,Male
Donny,Male
Art,Male
Linwood,Male
Weldon,Male
Delmar,Male
Frederic,Male
Dick,Male
Irwin,Male
Merlin,Male
Merrill,Male
Charley,Male
Marcelino,Male
Harris,Male
Cleo,Male
Aurelio,Male
Winfred,Male
Vito,Male
Pasquale,Male
Mariano,Male
Danial,Male
Dirk,Male
Numbers,Male
Clair,Male
Buford,Male
Bernie,Male
Wilmer,Male
Joan,Male
Errol,Male
Monroe,Male
Edwardo,Male
Booker,Male
Wilford,Male
Theron,Male
Daren,Male
Robby,Male
Jame,Male
Gale,Male
Cornell,Male
Laverne,Male
Hung,Male
Herschel,Male
Alva,Male
Garth,Male
Cyril,Male
Ronny,Male
Stevie,Male
Lon,Male
Freeman,Male
Kennith,Male
Carmine,Male
Young,Male
Wilburn,Male
Russ,Male
Morton,Male
Mervin,Male
Rich,Male
Lazaro,Male
Alphonse,Male
Randell,Male
Johnie,Male
Lindsey,Male
Tracey,Male
Seymour,Male
Scottie,Male
Eugenio,Male
Sandy,Male
Arnulfo,Male
Lucien,Male
Ferdinand,Male
Thad,Male
Sydney,Male
Rubin,Male
Mitch,Male
Earle,Male
Abe,Male
Lanny,Male
Boris,Male
Emile,Male
Elmo,Male
Leopoldo,Male
Everette,Male
Gail,Male
Eloy,Male
Reinaldo,Male
Lucio,Male
Hershel,Male
Barton,Male
Lemuel,Male
Lavern,Male
Burt,Male
Jules,Male
Gil,Male
Margarito,Male
Refugio,Male
Dino,Male
Les,Male
Normand,Male
Kieth,Male
Ivory,Male
Andrea,Male
Norberto,Male
Napoleon,Male
Jerold,Male
Fritz,Male
Rosendo,Male
Milford,Male
Sang,Male
Christoper,Male
Alfonzo,Male
Lyman,Male
Wilton,Male
Dewitt,Male
Carol,Male
Yong,Male
Olin,Male
Foster,Male
Faustino,Male
Claudio,Male
Berry,Male
Donn,Male
Trinidad,Male
Tad,Male
Shirley,Male
Porfirio,Male
Odis,Male
Maria,Male
Lenard,Male
Chauncey,Male
Chang,Male
Tod,Male
Mel,Male
Hilario,Male
Bud,Male
Sal,Male
Rosario,Male
Orval,Male
Mauro,Male
Dannie,Male
Olen,Male
Anibal,Male
Jed,Male
Frances,Male
Thanh,Male
Amado,Male
Newton,Male
Connie,Male
Lenny,Male
Richie,Male
Lupe,Male
Horacio,Male
Delmer,Male
Reyes,Male
Dee,Male
Mac,Male
Jerrold,Male
Robt,Male
Sung,Male
Rupert,Male
Rolland,Male
Chi,Male
Antone,Male
Waldo,Male
Fredric,Male
Kip,Male
Burl,Male
Jefferey,Male
Doris,Female
Jean,Female
Mildred,Female
Joan,Female
Louise,Female
Wanda,Female
Lois,Female
Phyllis,Female
Peggy,Female
Florence,Female
Edna,Female
Kim,Female
Thelma,Female
Ethel,Female
Debbie,Female
Gail,Female
Bertha,Female
Geraldine,Female
Cathy,Female
Joann,Female
Dolores,Female
Bernice,Female
Marion,Female
Ida,Female
Roberta,Female
Loretta,Female
Sue,Female
Jeanne,Female
Vicki,Female
Gertrude,Female
Wilma,Female
Agnes,Female
Willie,Female
Bessie,Female
Delores,Female
Marcia,Female
Nellie,Female
Minnie,Female
Glenda,Female
Viola,Female
Marian,Female
Dora,Female
Jo,Female
Vickie,Female
Terry,Female
Maxine,Female
Marsha,Female
Myrtle,Female
Patsy,Female
Hilda,Female
Margie,Female
Kay,Female
Carole,Female
Dianne,Female
Velma,Female
Becky,Female
Ramona,Female
Sherri,Female
Geneva,Female
Sheryl,Female
Marguerite,Female
Harriet,Female
Blanche,Female
Eunice,Female
Inez,Female
Lynda,Female
Alberta,Female
Jan,Female
Lee,Female
Fannie,Female
Maryann,Female
Opal,Female
Susie,Female
Flora,Female
Shelley,Female
Mamie,Female
Lula,Female
Verna,Female
Beulah,Female
Jeannette,Female
Pam,Female
Patty,Female
Shelia,Female
Gayle,Female
Della,Female
Vicky,Female
Lynne,Female
Sheri,Female
Marianne,Female
Erma,Female
Pat,Female
Johnnie,Female
Francis,Female
Bernadette,Female
Jody,Female
Mable,Female
Ernestine,Female
Muriel,Female
Paulette,Female
Lora,Female
Mona,Female
Doreen,Female
Rosemarie,Female
Ginger,Female
Janis,Female
Betsy,Female
Freda,Female
Lynette,Female
Teri,Female
Eula,Female
Henrietta,Female
Laverne,Female
Elvira,Female
Patti,Female
Sonja,Female
Darla,Female
May,Female
Essie,Female
Lorene,Female
Josefina,Female
Jeannie,Female
Marta,Female
Lela,Female
Shari,Female
Tami,Female
Melba,Female
Ora,Female
Nettie,Female
Ollie,Female
Winifred,Female
Rena,Female
Myrna,Female
Marla,Female
Tammie,Female
Bonita,Female
Ronda,Female
Sherrie,Female
Addie,Female
Francine,Female
Deloris,Female
Cheri,Female
Lucinda,Female
Dorthy,Female
Chris,Female
Effie,Female
Trina,Female
Reba,Female
Shawn,Female
Sallie,Female
Lenora,Female
Etta,Female
Lottie,Female
Francisca,Female
Tracie,Female
Karin,Female
Helene,Female
Fern,Female
Elva,Female
Ina,Female
Bettie,Female
Aida,Female
Iva,Female
Eugenia,Female
Goldie,Female
Maude,Female
Therese,Female
Dena,Female
Lorna,Female
Latonya,Female
Candy,Female
Consuelo,Female
Tamika,Female
Rosetta,Female
Debora,Female
Cherie,Female
Polly,Female
Jewell,Female
Fay,Female
Dorothea,Female
Nell,Female
Trudy,Female
Patrica,Female
Cleo,Female
Rosario,Female
Ola,Female
Lupe,Female
Lou,Female
Susanne,Female
Bette,Female
Cecile,Female
Joni,Female
Leola,Female
Alta,Female
Ester,Female
Petra,Female
Imogene,Female
Glenna,Female
Ursula,Female
Lizzie,Female
Jayne,Female
Sondra,Female
Carmela,Female
Rosalind,Female
Tonia,Female
Clarice,Female
Jeanine,Female
Frieda,Female
Robbie,Female
Claudette,Female
Cathleen,Female
Angelia,Female
Christi,Female
Jimmie,Female
Elma,Female
Luella,Female
Margret,Female
Socorro,Female
Rene,Female
Margo,Female
Mavis,Female
Lucile,Female
Jeannine,Female
Deana,Female
Lorie,Female
Ladonna,Female
Manuela,Female
Gale,Female
Selma,Female
Dolly,Female
Sybil,Female
Dale,Female
Dee,Female
Winnie,Female
Marcy,Female
Luisa,Female
Jeri,Female
Ofelia,Female
Cornelia,Female
Bettye,Female
Virgie,Female
Barbra,Female
Georgina,Female
Rhoda,Female
Adela,Female
Bernadine,Female
Flossie,Female
Ila,Female
Ruthie,Female
Nelda,Female
Minerva,Female
Terrie,Female
Letha,Female
Estela,Female
Valarie,Female
Rosalyn,Female
Earline,Female
Lidia,Female
Corrine,Female
Concepcion,Female
Sharron,Female
Rae,Female
Dona,Female
Elnora,Female
Chandra,Female
Lenore,Female
Neva,Female
Marylou,Female
Avis,Female
Jeanie,Female
Odessa,Female
Nannie,Female
Harriett,Female
Loraine,Female
Milagros,Female
Benita,Female
Tommie,Female
Pearlie,Female
Zelma,Female
Malinda,Female
Noreen,Female
Tameka,Female
Saundra,Female
Althea,Female
Rosalinda,Female
Gay,Female
Elinor,Female
Michael,Female
Lorrie,Female
Jerri,Female
Darcy,Female
Earnestine,Female
Carmella,Female
Marcie,Female
Liza,Female
Earlene,Female
Carlene,Female
Nita,Female
John,Female
Lakisha,Female
Edwina,Female
Margery,Female
Dollie,Female
Roxie,Female
Roslyn,Female
Nanette,Female
Charmaine,Female
Lavonne,Female
Ilene,Female
Kris,Female
Tammi,Female
Suzette,Female
Corine,Female
Kaye,Female
Jerry,Female
Merle,Female
Chrystal,Female
Deanne,Female
Aline,Female
Luann,Female
Maryanne,Female
Melva,Female
Lawanda,Female
Madge,Female
Kathie,Female
Eddie,Female
Nona,Female
Mitzi,Female
Mari,Female
Georgette,Female
Claudine,Female
Fran,Female
Roseann,Female
Lakeisha,Female
Reva,Female
Deidre,Female
Sheree,Female
James,Female
Elvia,Female
Alyce,Female
Deirdre,Female
Gena,Female
Rosanne,Female
Wendi,Female
Berta,Female
Marva,Female
Imelda,Female
Marietta,Female
Marci,Female
Leonor,Female
Arline,Female
Janna,Female
Deena,Female
Josefa,Female
Augusta,Female
Young,Female
Lessie,Female
Vilma,Female
Rosella,Female
Lynnette,Female
Alfreda,Female
Carey,Female
Amparo,Female
Coleen,Female
Tamra,Female
Wilda,Female
Karyn,Female
Cherry,Female
Queen,Female
Mai,Female
Evangelina,Female
Rosanna,Female
Erna,Female
Enid,Female
Freida,Female
Hester,Female
Cathryn,Female
Lelia,Female
Bridgett,Female
Angelita,Female
Jannie,Female
Dionne,Female
Annmarie,Female
Katina,Female
Beryl,Female
Millicent,Female
Katheryn,Female
Diann,Female
Maryellen,Female
Liz,Female
Lauri,Female
Helga,Female
Gilda,Female
Marquita,Female
Tisha,Female
Lolita,Female
Florine,Female
Rowena,Female
Twila,Female
Fanny,Female
Janell,Female
Ines,Female
Concetta,Female
Bertie,Female
Alba,Female
Brigitte,Female
Vonda,Female
Pansy,Female
Elba,Female
Letitia,Female
Kitty,Female
Deann,Female
Louella,Female
Leta,Female
Felecia,Female
Sharlene,Female
Lesa,Female
Beverley,Female
Robert,Female
Herminia,Female
Malcom,Male
Rakeem,Male
Martez,Male
Demetri,Male
Davante,Male
Dyllan,Male
Denzell,Male
Deonta,Male
Dondre,Male
Codi,Male
Westley,Male
Nikko,Male
Montel,Male
Deante,Male
Domonique,Male
Jevon,Male
Davonta,Male
Dereck,Male
Garrick,Male
Dalvin,Male
Tyrel,Male
Kalen,Male
Montrell,Male
Britton,Male
Jarrell,Male
Kwame,Male
Laquan,Male
Jerel,Male
Cedrick,Male
Deron,Male
Donta,Male
Dejon,Male
Laron,Male
Jered,Male
Brannon,Male
Cassidy,Male
Colter,Male
Donavon,Male
Shanae,Female
Mariel,Female
Brianda,Female
Lyndsay,Female
Jaleesa,Female
Latifah,Female
Shanika,Female
Dominque,Female
China,Female
Deidra,Female
Adrianne,Female
Felisha,Female
Fallon,Female
Whitley,Female
Anais,Female
Porsha,Female
Santana,Female
Shanequa,Female
Brittaney,Female
Shawnee,Female
Symone,Female
Brea,Female
Britni,Female
Cassondra,Female
Chelsy,Female
Ivana,Female
Laci,Female
Shante,Female
Brittny,Female
Demetria,Female
Janel,Female
Trista,Female
Dara,Female
Danyelle,Female
Ivonne,Female
Kassie,Female
Valencia,Female
Latrice,Female
Stefani,Female
Kandice,Female
Rubi,Female
Alexander,Female
Nakia,Female
Jerica,Female
Shaniece,Female
Chynna,Female
Flor,Female
Danika,Female
Krystina,Female
Nikole,Female
Salina,Female
Kandace,Female
Cody,Female
Danae,Female
Kati,Female
Shanelle,Female
Jessenia,Female
Kelcie,Female
Bree,Female
Chanelle,Female
Isamar,Female
Marcela,Female
Andria,Female
Coral,Female
Selene,Female
Catrina,Female
Chastity,Female
Kasie,Female
Kenisha,Female
Stacia,Female
Anabel,Female